{"cameraMode":{"drawMode":0,"name":"Shaded","section":"Shading Mode"},"sceneLighting":false,"audioPlay":false,"sceneViewState":{"m_AlwaysRefresh":false,"showFog":true,"showSkybox":false,"showFlares":true,"showImageEffects":true,"showParticleSystems":true,"showVisualEffectGraphs":true,"m_FxEnabled":true},"in2DMode":false,"pivot":{"x":26.18000030517578,"y":0.10000000149011612,"z":45.599998474121097},"rotation":{"x":0.2976088225841522,"y":-0.03550722822546959,"z":0.011082001961767674,"w":0.953973650932312},"size":11.411661148071289,"orthographic":false}